Director,Company,desgination,date of appointment,DIN,Company(CIN),Source,Phone Number,Email ID
Aaron Carter,Thompson Group,Managing Director,07-09-2023,34220703,CIN5717333,generated,917135000000,aaron@carter.com
Adam Mckinney,Weeks Group,Nominee Director,17-02-2023,35103146,CIN5205549,generated,917587000000,adam@mckinney.com
Alex Thompson,Williams-Mason,Managing Director,05-04-2023,75712607,CIN3912839,generated,918410000000,alex@thompson.com
Alexander Vaughn,Price Group,Managing Director,09-02-2022,56417150,CIN6731962,generated,919189000000,alexander@vaughn.com
Alexandra Murphy,"Brown, Ayala and Briggs",Nominee Director,14-07-2022,89296620,CIN7474879,generated,919071000000,alexandra@murphy.com
Alexis Stevens,Owen-Shaffer,Nominee Director,08-09-2023,40768235,CIN8486807,generated,916938000000,alexis@stevens.com
Alisha Wilson,"Downs, Howell and Wilson",Managing Director,13-08-2019,8976186,CIN3335357,generated,916797000000,alisha@wilson.com
Alison Whitehead DDS,"Jenkins, Ramos and Garrett",Nominee Director,21-06-2021,9065736,CIN4211257,generated,916835000000,alison@dds.com
Amanda Guzman,Hernandez PLC,Director,17-11-2023,12786968,CIN0805516,generated,916129000000,amanda@guzman.com
Amy Carlson,Smith PLC,Director,11-04-2023,40430888,CIN7228433,generated,919234000000,amy@carlson.com
Andrea Cruz,Weeks Group,Nominee Director,28-05-2024,24903476,CIN5205549,generated,916343000000,andrea@cruz.com
Andrew Francis,"Maxwell, May and Lamb",Nominee Director,03-03-2024,64974675,CIN8877799,generated,919685000000,andrew@francis.com
Andrew Medina,Johnson-Curtis,Nominee Director,22-03-2024,51611308,CIN4235636,generated,916161000000,andrew@medina.com
Angela Higgins,"Jenkins, Ramos and Garrett",Managing Director,19-10-2019,98126596,CIN4211257,generated,919731000000,angela@higgins.com
Angela Smith,Owen-Shaffer,Managing Director,19-11-2023,5550732,CIN8486807,generated,919237000000,angela@smith.com
Anna Elliott,"Hughes, Torres and Mcintyre",Managing Director,23-09-2022,12173227,CIN7802260,generated,918496000000,anna@elliott.com
Anna Torres,"Leonard, Clark and Chavez",Director,18-01-2023,6188648,CIN7198565,generated,918662000000,anna@torres.com
Anne Ramos,"Hall, Diaz and Jensen",Director,05-06-2020,52006413,CIN5144069,generated,916760000000,anne@ramos.com
Annette Johnson,Anderson Ltd,Nominee Director,19-11-2020,30761170,CIN9640285,generated,917992000000,annette@johnson.com
Anthony Morales,Rose-Garcia,Nominee Director,25-08-2023,55420327,CIN0149601,generated,918103000000,anthony@morales.com
Antonio West,"Webb, Perez and Harrison",Director,29-10-2020,40269029,CIN7846933,generated,918876000000,antonio@west.com
Ashwariya Kumar,Robinson Group,Managing Director,27-09-2023,21041586,CIN7338152,edge case - relative director,916250000000,ashwariya@kumar.com
Ashley James,"Sullivan, Tran and Owen",Director,10-08-2022,19340965,CIN7405456,generated,919870000000,ashley@james.com
Austin Petersen,Brewer Inc,Director,19-01-2023,5465213,CIN2342783,generated,919577000000,austin@petersen.com
Austin Wolf,"Morris, Raymond and Williams",Nominee Director,30-06-2022,17163079,CIN4046511,generated,919722000000,austin@wolf.com
Autumn Walker,"Pearson, Black and Sanchez",Nominee Director,09-05-2020,91258787,CIN2019604,generated,916900000000,autumn@walker.com
Benjamin Atkinson,Davila Inc,Director,21-12-2021,6286519,CIN4780092,generated,917446000000,benjamin@atkinson.com
Benjamin Carter,Carter-Montes,Managing Director,18-11-2021,28920688,CIN2796180,generated,917522000000,benjamin@carter.com
Benjamin Harris,Davila Inc,Director,26-05-2023,95922102,CIN4780092,generated,917929000000,benjamin@harris.com
Benjamin Taylor,Owen-Shaffer,Nominee Director,30-01-2023,60276752,CIN8486807,generated,916880000000,benjamin@taylor.com
Bradley Stewart,"Newman, Prince and Spencer",Nominee Director,12-02-2020,12810890,CIN6736910,generated,917398000000,bradley@stewart.com
Brandon Avery,Diaz-Osborne,Managing Director,05-02-2022,32678609,CIN9458747,generated,919042000000,brandon@avery.com
Brandy Thompson,Santiago-Lewis,Director,29-03-2020,81862517,CIN8071660,generated,918976000000,brandy@thompson.com
Brendan Lewis,"Solis, Nguyen and Garcia",Nominee Director,04-03-2020,71132228,CIN3514016,generated,918046000000,brendan@lewis.com
Brian Griffin II,Jackson-Perry,Nominee Director,29-03-2022,42883877,CIN4850522,generated,917588000000,brian@ii.com
Brian Johnson,"Welch, Paul and Johnston",Director,24-12-2020,18096519,CIN0455673,generated,916073000000,brian@johnson.com
Brian Lara,"Conway, Thompson and Rowland",Nominee Director,18-10-2019,21249638,CIN7764889,generated,916799000000,brian@lara.com
Brian Scott,Maldonado LLC,Director,08-10-2021,65642453,CIN8434856,generated,917629000000,brian@scott.com
Brianna Sparks,"Perry, Weber and Grant",Managing Director,16-10-2022,10123351,CIN9308245,generated,919669000000,brianna@sparks.com
Bruce Simmons,"Long, Carroll and Little",Director,30-12-2023,61917392,CIN9475321,generated,917936000000,bruce@simmons.com
Bryan Rogers,Olson-Rivera,Nominee Director,26-04-2020,61237208,CIN5402441,generated,918966000000,bryan@rogers.com
Bryan Wolf,"Leonard, Clark and Chavez",Nominee Director,09-10-2023,43590106,CIN7198565,generated,916177000000,bryan@wolf.com
Calvin Griffin,Owen-Shaffer,Managing Director,26-10-2021,75487312,CIN8486807,generated,916710000000,calvin@griffin.com
Calvin Walker,Decker LLC,Director,09-05-2023,9688079,CIN5708735,generated,919186000000,calvin@walker.com
Carlos Thomas,"Wallace, Lynch and Lawson",Director,10-11-2022,13198947,CIN8652165,generated,919667000000,carlos@thomas.com
Caroline Chen,Owen-Shaffer,Director,19-09-2019,19898897,CIN8486807,generated,917070000000,caroline@chen.com
Caroline Fowler,Lopez-Ramirez,Director,02-09-2022,12648508,CIN9756378,generated,919704000000,caroline@fowler.com
Carolyn Braun,Wyatt-Brown,Director,11-03-2022,22265802,CIN8782788,generated,919484000000,carolyn@braun.com
Carolyn Mcdowell,"Welch, Paul and Johnston",Nominee Director,03-07-2020,56854230,CIN0455673,generated,916088000000,carolyn@mcdowell.com
Carolyn Rodriguez,Hernandez PLC,Managing Director,15-05-2021,61048532,CIN0805516,generated,917738000000,carolyn@rodriguez.com
Casey Hale,Rose-Garcia,Managing Director,15-01-2022,34961271,CIN0149601,generated,919783000000,casey@hale.com
Cathy Odonnell,"Welch, Paul and Johnston",Nominee Director,27-06-2020,70737598,CIN0455673,generated,918168000000,cathy@odonnell.com
Charles Garcia,Jefferson-Wilson,Managing Director,26-04-2024,95691512,CIN6528982,generated,916876000000,charles@garcia.com
Chase Peck,Warner-Hernandez,Managing Director,26-12-2021,7310469,CIN1512443,generated,916093000000,chase@peck.com
Cheryl Ray,Wyatt-Brown,Director,02-03-2024,80788699,CIN8782788,generated,916409000000,cheryl@ray.com
Christopher Mercado,Myers-Mills,Director,03-02-2021,34116559,CIN8331981,generated,918202000000,christopher@mercado.com
Christopher Watson,Jackson-Perry,Director,28-09-2021,10738105,CIN4850522,generated,917959000000,christopher@watson.com
Christopher Williams,Carter-Montes,Managing Director,09-12-2022,52403023,CIN2796180,generated,919174000000,christopher@williams.com
Christopher Young,"Brown, Ayala and Briggs",Director,24-10-2020,71108184,CIN7474879,generated,917381000000,christopher@young.com
Cody Kennedy,"Leonard, Clark and Chavez",Nominee Director,06-11-2023,38782919,CIN7198565,generated,916632000000,cody@kennedy.com
Craig May,"Hall, Diaz and Jensen",Nominee Director,14-03-2021,50365431,CIN5144069,generated,916812000000,craig@may.com
Crystal Gray,"Gray, Smith and Dennis",Director,13-01-2020,27858097,CIN1709528,generated,918512000000,crystal@gray.com
Crystal Roach,"Walker, Calderon and Cole",Managing Director,08-07-2023,10260652,CIN5904470,generated,916313000000,crystal@roach.com
Daniel Carter,Carr-Brown,Managing Director,23-04-2020,10705991,CIN4696297,generated,919735000000,daniel@carter.com
Daniel Harris,Santiago-Lewis,Director,09-03-2021,60089493,CIN8071660,generated,919358000000,daniel@harris.com
Daniel Marshall,Adams Group,Director,07-12-2019,24976972,CIN2728835,generated,918843000000,daniel@marshall.com
Daniel Terrell,"Wallace, Lynch and Lawson",Nominee Director,22-12-2019,31151082,CIN8652165,generated,918153000000,daniel@terrell.com
David Cook,"Johnson, Blake and Fowler",Nominee Director,20-09-2020,17440494,CIN9265215,generated,917960000000,david@cook.com
David King,"Webb, Perez and Harrison",Managing Director,18-02-2024,38010705,CIN7846933,generated,917882000000,david@king.com
David Thompson,Weeks Group,Managing Director,03-02-2022,94124317,CIN5205549,generated,919680000000,david@thompson.com
Dawn Moore,Mack LLC,Nominee Director,25-05-2022,60706753,CIN4586704,generated,918519000000,dawn@moore.com
Dawn Nguyen,"Barnett, Ruiz and Hill",Nominee Director,27-10-2021,70060377,CIN9634691,generated,917785000000,dawn@nguyen.com
Dawn Richardson,Hicks-Boone,Nominee Director,30-12-2023,33028574,CIN5802477,generated,916927000000,dawn@richardson.com
Deborah Austin,"Chang, Li and Andrade",Nominee Director,02-04-2024,62522974,CIN4957365,generated,918395000000,deborah@austin.com
Debra Cline,Robinson Group,Director,12-02-2021,34390428,CIN7338152,generated,918599000000,debra@cline.com
Dennis Holland,"Downs, Howell and Wilson",Managing Director,29-04-2022,25275675,CIN3335357,generated,918777000000,dennis@holland.com
Diana Howard,Robinson-Cole,Nominee Director,11-07-2023,16232225,CIN4641057,generated,919572000000,diana@howard.com
Diane Moore,"Johnson, Blake and Fowler",Nominee Director,11-03-2022,85934445,CIN9265215,generated,917055000000,diane@moore.com
Dorothy Clark,Santiago-Lewis,Managing Director,03-03-2020,46387611,CIN8071660,generated,919685000000,dorothy@clark.com
Dr. Austin Ford,"Wallace, Lynch and Lawson",Director,23-04-2023,61633483,CIN8652165,generated,919774000000,dr@ford.com
Dr. Cynthia Wood,"Newman, Prince and Spencer",Managing Director,07-04-2024,80773095,CIN6736910,generated,919746000000,dr@wood.com
Dwayne Gibbs,Olson-Rivera,Nominee Director,25-11-2020,74295702,CIN5402441,generated,919523000000,dwayne@gibbs.com
Edward Branch,Robinson Group,Nominee Director,10-04-2020,89824143,CIN7338152,generated,917127000000,edward@branch.com
Elizabeth Armstrong,"Solis, Nguyen and Garcia",Nominee Director,26-08-2020,28259559,CIN3514016,generated,919772000000,elizabeth@armstrong.com
Elizabeth Ross,Yang Group,Nominee Director,17-02-2022,78232681,CIN0987834,generated,916099000000,elizabeth@ross.com
Emily Smith,"Maxwell, May and Lamb",Director,02-01-2024,86802054,CIN8877799,generated,918744000000,emily@smith.com
Emma Powell,"Pearson, Mann and Hall",Managing Director,15-11-2023,24465773,CIN9996553,generated,918476000000,emma@powell.com
Emma Williams,"Pearson, Mann and Hall",Nominee Director,23-11-2022,539702,CIN9996553,generated,919702000000,emma@williams.com
Eric Evans,"Jenkins, Ramos and Garrett",Director,27-12-2021,79553030,CIN4211257,generated,917465000000,eric@evans.com
Erica Lee,"Pearson, Black and Sanchez",Director,13-08-2023,73183219,CIN2019604,generated,917424000000,erica@lee.com
Erica Wilson,"Gray, Smith and Dennis",Managing Director,10-12-2019,22715158,CIN1709528,generated,916740000000,erica@wilson.com
Erin Fowler,Jackson-Perry,Managing Director,17-12-2021,37146121,CIN4850522,generated,916707000000,erin@fowler.com
Ernest Cook,"Jones, Harris and Howard",Managing Director,23-10-2022,98628480,CIN9861796,generated,917694000000,ernest@cook.com
Frank Powers,"Anderson, Oconnell and Yates",Nominee Director,27-12-2022,88570110,CIN0680697,generated,918896000000,frank@powers.com
Frank Ryan,Phillips-Mullins,Managing Director,31-07-2019,81878783,CIN2689963,generated,916793000000,frank@ryan.com
Gabrielle Shaffer,Roberson PLC,Managing Director,15-05-2020,97474597,CIN7862611,generated,917679000000,gabrielle@shaffer.com
George Moreno,"Newman, Prince and Spencer",Nominee Director,12-06-2020,8979024,CIN6736910,generated,919217000000,george@moreno.com
Gregory Mitchell,Smith Ltd,Nominee Director,25-06-2023,99660086,CIN5220973,generated,917144000000,gregory@mitchell.com
Hannah Riley,Huber-Travis,Managing Director,21-10-2019,76608685,CIN7665926,generated,916985000000,hannah@riley.com
Heather Morris,"Long, Carroll and Little",Managing Director,28-06-2019,46537846,CIN9475321,generated,916815000000,heather@morris.com
Hector Santos,"Chang, Li and Andrade",Nominee Director,26-12-2021,84082301,CIN4957365,generated,919900000000,hector@santos.com
Heidi Salas,Johnson-Curtis,Managing Director,07-04-2021,43319896,CIN4235636,generated,916329000000,heidi@salas.com
Holly Salazar,"Hughes, Torres and Mcintyre",Managing Director,27-12-2019,61645405,CIN7802260,generated,917906000000,holly@salazar.com
Jacob Bauer,Merritt-Flynn,Director,13-07-2021,23844664,CIN6370585,generated,916104000000,jacob@bauer.com
Jacob Wheeler,Wood-Anderson,Nominee Director,19-06-2024,76021032,CIN7863169,generated,917614000000,jacob@wheeler.com
Jade Wheeler,"Moore, Hudson and Lee",Nominee Director,01-08-2019,80459898,CIN4337507,generated,918228000000,jade@wheeler.com
James Santiago,Maldonado LLC,Director,04-10-2021,30504253,CIN8434856,generated,918973000000,james@santiago.com
James Williams,Brown-Scott,Managing Director,10-01-2024,42743487,CIN1354341,generated,917974000000,james@williams.com
Jamie Howell,"Welch, Paul and Johnston",Director,05-04-2021,50300266,CIN0455673,generated,916290000000,jamie@howell.com
Jamie Roman,"Sullivan, Tran and Owen",Nominee Director,24-09-2020,71900665,CIN7405456,generated,919628000000,jamie@roman.com
Janet Henry,Lopez-Ramirez,Managing Director,30-05-2024,67815914,CIN9756378,generated,919388000000,janet@henry.com
Janet Lloyd,"Pena, West and Cross",Director,11-11-2019,22568451,CIN6724629,generated,918037000000,janet@lloyd.com
Jasmine Harrison,Anderson Ltd,Director,08-05-2021,72740071,CIN9640285,generated,919045000000,jasmine@harrison.com
Jason Brown,"Morris, Raymond and Williams",Nominee Director,26-10-2019,24879369,CIN4046511,generated,916300000000,jason@brown.com
Jason Cox,Lara and Sons,Managing Director,16-11-2022,15316310,CIN6550541,generated,919653000000,jason@cox.com
Jason Perez,Anderson Ltd,Director,07-08-2019,95675624,CIN9640285,generated,918085000000,jason@perez.com
Jeffrey Buckley,"Thomas, Leonard and Carter",Managing Director,07-03-2020,10687705,CIN5805158,generated,917289000000,jeffrey@buckley.com
Jennifer Bishop,Phillips-Mullins,Managing Director,10-01-2024,96366454,CIN2689963,generated,917533000000,jennifer@bishop.com
Jennifer Deleon,Robles-Andrade,Director,12-01-2023,89276054,CIN0864797,generated,919121000000,jennifer@deleon.com
Jennifer Owens,Mack LLC,Managing Director,21-11-2023,984178,CIN4586704,generated,919516000000,jennifer@owens.com
Jennifer Perry,Hernandez Group,Nominee Director,04-11-2023,18063183,CIN4741268,generated,916139000000,jennifer@perry.com
Jeremiah Shaw,"Tanner, Farrell and Hale",Director,25-11-2023,67534160,CIN6076415,generated,916174000000,jeremiah@shaw.com
Jeremy Dorsey,"Moore, Hudson and Lee",Director,01-06-2022,93888741,CIN4337507,generated,917873000000,jeremy@dorsey.com
Jerry Fisher,"Webb, Perez and Harrison",Nominee Director,17-06-2020,29701382,CIN7846933,generated,917986000000,jerry@fisher.com
Jessica Ho,Wood-Anderson,Nominee Director,04-10-2020,61531936,CIN7863169,generated,918529000000,jessica@ho.com
Jessica Kaufman,Jackson-Perry,Nominee Director,06-06-2021,42401012,CIN4850522,generated,916999000000,jessica@kaufman.com
Jessica Lopez,Diaz-Osborne,Nominee Director,15-11-2019,71173867,CIN9458747,generated,916631000000,jessica@lopez.com
Jessica Reed,Robles-Andrade,Director,17-10-2020,41614623,CIN0864797,generated,918765000000,jessica@reed.com
Jessica Thompson,Watkins LLC,Director,15-02-2020,72878333,CIN6764201,generated,918205000000,jessica@thompson.com
Jimmy Woods,Jefferson-Wilson,Nominee Director,15-04-2021,22067743,CIN6528982,generated,919309000000,jimmy@woods.com
Joanna Jennings,Lopez-Ramirez,Nominee Director,10-08-2020,27610656,CIN9756378,generated,918935000000,joanna@jennings.com
John Garza,Roberson PLC,Managing Director,03-08-2023,62386856,CIN7862611,generated,918997000000,john@garza.com
John Jones,Smith PLC,Director,31-05-2023,44777005,CIN7228433,generated,917711000000,john@jones.com
John Ruiz,"Maxwell, May and Lamb",Nominee Director,28-06-2022,10863363,CIN8877799,generated,916350000000,john@ruiz.com
Johnny Richardson,Wyatt-Brown,Managing Director,23-09-2023,94601279,CIN8782788,generated,918500000000,johnny@richardson.com
Johnny Stevens,"Jones, Harris and Howard",Director,07-09-2021,77673283,CIN9861796,generated,919030000000,johnny@stevens.com
Jon Jones,"Conway, Thompson and Rowland",Managing Director,30-07-2021,75793935,CIN7764889,generated,917227000000,jon@jones.com
Jonathan Baldwin,Huber-Travis,Managing Director,23-11-2021,65176938,CIN7665926,generated,918480000000,jonathan@baldwin.com
Jonathan Dunn,"Moore, Hudson and Lee",Managing Director,12-02-2024,29295544,CIN4337507,generated,919503000000,jonathan@dunn.com
Jonathan Moore,"Hall, Diaz and Jensen",Nominee Director,29-04-2020,29708628,CIN5144069,generated,919416000000,jonathan@moore.com
Jonathan Perez,Roberson PLC,Nominee Director,20-04-2023,9162089,CIN7862611,generated,917335000000,jonathan@perez.com
Jonathan Ray,"Chang, Li and Andrade",Nominee Director,18-12-2020,23733320,CIN4957365,generated,917083000000,jonathan@ray.com
Jonathan Wolf,Smith PLC,Director,02-09-2021,70746966,CIN7228433,generated,918889000000,jonathan@wolf.com
Jordan Henry,Huber-Travis,Director,29-12-2019,54867153,CIN7665926,generated,916045000000,jordan@henry.com
Joseph Garcia,Watkins LLC,Director,08-10-2023,39299793,CIN6764201,generated,919111000000,joseph@garcia.com
Joshua Lee,"Moore, Hudson and Lee",Nominee Director,15-03-2024,39584925,CIN4337507,generated,918551000000,joshua@lee.com
Joshua Martin,Carr-Brown,Nominee Director,27-12-2023,92123420,CIN4696297,generated,916630000000,joshua@martin.com
Juan Anthony,"Hooper, Barnett and Torres",Managing Director,30-09-2019,64193735,CIN6461083,generated,919416000000,juan@anthony.com
Julia Harrell,Watkins LLC,Director,27-06-2020,43273974,CIN6764201,generated,918384000000,julia@harrell.com
Julie Barr,"Barnett, Ruiz and Hill",Managing Director,23-03-2021,12406005,CIN9634691,generated,919548000000,julie@barr.com
Karen Knight,"Newman, Prince and Spencer",Managing Director,17-01-2022,49970578,CIN6736910,generated,917488000000,karen@knight.com
Katherine Conrad,"Leonard, Clark and Chavez",Director,10-03-2022,39460205,CIN7198565,generated,919626000000,katherine@conrad.com
Kathleen Cameron,Merritt-Flynn,Director,11-02-2020,34180177,CIN6370585,generated,919323000000,kathleen@cameron.com
Kelly Pena,"Anderson, Oconnell and Yates",Managing Director,07-04-2021,96759221,CIN0680697,generated,916948000000,kelly@pena.com
Kelly Young,Roberson PLC,Director,31-05-2024,47133341,CIN7862611,generated,919744000000,kelly@young.com
Kenneth Castillo,"Yang, Barrera and Henson",Nominee Director,25-12-2021,34477142,CIN3678305,generated,917137000000,kenneth@castillo.com
Kenneth Green,Robinson-Cole,Managing Director,30-10-2020,54467603,CIN4641057,generated,916488000000,kenneth@green.com
Kevin Goodwin,Smith PLC,Nominee Director,25-03-2024,26426361,CIN7228433,generated,919063000000,kevin@goodwin.com
Kevin Roberson,Huber-Travis,Director,11-02-2020,33120773,CIN7665926,generated,917626000000,kevin@roberson.com
Kevin Stone,Smith Ltd,Nominee Director,21-09-2020,35104930,CIN5220973,generated,917833000000,kevin@stone.com
Kevin Young,"Jones, Harris and Williams",Nominee Director,17-02-2020,77989841,CIN3050402,generated,918597000000,kevin@young.com
Kim Smith,Lara and Sons,Director,24-06-2021,56763363,CIN6550541,generated,919277000000,kim@smith.com
Kimberly Ball,Wilkins and Sons,Managing Director,07-04-2022,44367480,CIN6429540,generated,917160000000,kimberly@ball.com
Kimberly Carter,Adams Group,Nominee Director,09-09-2021,72321627,CIN2728835,generated,916073000000,kimberly@carter.com
Kristina Sharp,Mack LLC,Director,06-07-2022,47570020,CIN4586704,generated,916610000000,kristina@sharp.com
Kyle Dean,"Downs, Howell and Wilson",Nominee Director,25-04-2023,90034385,CIN3335357,generated,918021000000,kyle@dean.com
Laura Pineda,Thompson Group,Nominee Director,15-08-2019,63322316,CIN5717333,generated,918502000000,laura@pineda.com
Lauren Brandt,Huber-Travis,Managing Director,21-09-2023,30997415,CIN7665926,generated,916065000000,lauren@brandt.com
Lauren Skinner,Smith Ltd,Managing Director,19-03-2023,47515212,CIN5220973,generated,916552000000,lauren@skinner.com
Lisa Bailey,Thompson Group,Managing Director,02-05-2024,24541414,CIN5717333,generated,919267000000,lisa@bailey.com
Lisa Quinn,"Fisher, Baker and Jenkins",Director,20-03-2020,69383948,CIN2342704,generated,919438000000,lisa@quinn.com
Lisa Stanley,"Morris, Raymond and Williams",Nominee Director,22-12-2023,34488477,CIN4046511,generated,917577000000,lisa@stanley.com
Logan King,"Perry, Weber and Grant",Nominee Director,12-04-2021,78650205,CIN9308245,generated,919769000000,logan@king.com
Margaret Romero,"Hughes, Torres and Mcintyre",Nominee Director,06-11-2021,42824090,CIN7802260,generated,919199000000,margaret@romero.com
Mark Brooks,"Long, Carroll and Little",Nominee Director,16-09-2023,46221464,CIN9475321,generated,919029000000,mark@brooks.com
Mark Carter,"Jenkins, Ramos and Garrett",Director,04-05-2021,52243803,CIN4211257,generated,919702000000,mark@carter.com
Matthew Brennan,"Sullivan, Tran and Owen",Managing Director,20-02-2024,87487740,CIN7405456,generated,919285000000,mark@collins.com
Mark Johnson,"Pearson, Mann and Hall",Managing Director,04-01-2020,49877281,CIN9996553,generated,916766000000,mark@johnson.com
Mark Williams,Wood-Anderson,Director,04-09-2022,31898891,CIN7863169,generated,916925000000,mark@williams.com
Martha Taylor,Phillips-Mullins,Nominee Director,01-08-2019,15038755,CIN2689963,generated,919088000000,martha@taylor.com
Mary Sanders,"Fisher, Baker and Jenkins",Managing Director,08-11-2020,7892455,CIN2342704,generated,919788000000,mary@sanders.com
Mary Scott,Wilkins and Sons,Director,27-11-2019,96791168,CIN6429540,generated,916947000000,mary@scott.com
Mary Zimmerman,Williams-Mason,Nominee Director,09-07-2023,40514034,CIN3912839,generated,917262000000,mary@zimmerman.com
Matthew Anderson,Robles-Andrade,Director,19-02-2024,17506068,CIN0864797,generated,916939000000,matthew@anderson.com
Matthew Briggs,Brewer Inc,Director,09-01-2024,13539939,CIN2342783,generated,919054000000,matthew@briggs.com
Matthew Gomez,Carter-Montes,Director,22-03-2022,51996858,CIN2796180,generated,919303000000,matthew@gomez.com
Matthew Hamilton,"Moore, Brown and Jimenez",Director,04-03-2020,87952867,CIN3985334,generated,916403000000,matthew@hamilton.com
Matthew Lee,"Johnson, Blake and Fowler",Managing Director,01-04-2020,87816150,CIN9265215,generated,919984000000,matthew@lee.com
Matthew Sullivan,"Johnson, Blake and Fowler",Managing Director,18-09-2022,60811411,CIN9265215,generated,916333000000,matthew@sullivan.com
Megan Ferrell,"Moore, Brown and Jimenez",Managing Director,19-09-2019,7371214,CIN3985334,generated,916447000000,megan@ferrell.com
Megan Vargas,"Jones, Harris and Howard",Managing Director,06-09-2021,52104272,CIN9861796,generated,917774000000,megan@vargas.com
Matthew Brennan,"Fisher, Baker and Jenkins",Managing Director,13-10-2021,5426319,CIN2342704,generated,916588000000,mathew@br.com
Melissa Pope,"Hooper, Barnett and Torres",Director,08-04-2022,4076822,CIN6461083,generated,919111000000,melissa@pope.com
Mercedes Fisher,"Downs, Howell and Wilson",Managing Director,05-09-2022,32898555,CIN3335357,generated,917585000000,mercedes@fisher.com
Michael Bond,"Pena, West and Cross",Managing Director,13-11-2023,43093066,CIN6724629,generated,917543000000,michael@bond.com
Michael Carpenter,Johnson-Curtis,Nominee Director,13-08-2021,7865625,CIN4235636,generated,919230000000,michael@carpenter.com
Michael Lee,Mack LLC,Director,25-05-2022,290922,CIN4586704,generated,918772000000,michael@lee.com
Michael Mcmahon,Hernandez Group,Managing Director,11-03-2024,50103699,CIN4741268,generated,918417000000,michael@mcmahon.com
Michael Phelps,Anderson Ltd,Nominee Director,11-11-2019,19421743,CIN9640285,generated,917566000000,michael@phelps.com
Michael Rogers,"Thomas, Leonard and Carter",Director,06-11-2022,426132,CIN5805158,generated,919581000000,michael@rogers.com
Michael Ryan,Carr-Brown,Director,01-03-2023,40802184,CIN4696297,generated,917371000000,michael@ryan.com
Michael Spence,Jackson-Perry,Managing Director,28-05-2021,41129186,CIN4850522,generated,916161000000,michael@spence.com
Michelle Miller,Smith PLC,Managing Director,03-02-2023,86548063,CIN7228433,generated,916124000000,michelle@miller.com
Michelle Rush,"Downs, Howell and Wilson",Director,18-05-2021,98662778,CIN3335357,generated,916135000000,michelle@rush.com
Miguel Ball,"Anderson, Oconnell and Yates",Managing Director,08-08-2020,83071410,CIN0680697,generated,919021000000,miguel@ball.com
Mikayla Jones,"Anderson, Oconnell and Yates",Managing Director,13-10-2023,92804125,CIN0680697,generated,916092000000,mikayla@jones.com
Miss Ashley Garcia,Brewer Inc,Managing Director,31-01-2024,66083128,CIN2342783,generated,918315000000,miss@garcia.com
Monique Stewart,"Hooper, Barnett and Torres",Managing Director,12-07-2021,57705451,CIN6461083,generated,917258000000,monique@stewart.com
Mr. Brent Olson,"Pena, West and Cross",Nominee Director,19-08-2022,36656293,CIN6724629,generated,916931000000,mr@olson.com
Mr. Daniel Merritt PhD,"Brown, Ayala and Briggs",Managing Director,30-11-2020,67905395,CIN7474879,generated,916377000000,mr@phd.com
Mr. Stephen Snyder,Davila Inc,Nominee Director,10-05-2021,53947629,CIN4780092,generated,918635000000,mr@snyder.com
Mr. Andrew Townsend,"Sullivan, Tran and Owen",Managing Director,27-11-2019,16834490,CIN7405456,generated,916146000000,mr@townsend.com
Mrs. Angelica Morales,"Hall, Diaz and Jensen",Director,26-04-2021,92293076,CIN5144069,generated,917147000000,mrs@morales.com
Nancy Jordan,"Wallace, Lynch and Lawson",Nominee Director,04-09-2019,26628988,CIN8652165,generated,916358000000,nancy@jordan.com
Natalie Chavez,Hernandez Group,Managing Director,06-02-2024,69597952,CIN4741268,generated,916203000000,natalie@chavez.com
Natalie White,Weeks Group,Managing Director,27-11-2019,83135636,CIN5205549,generated,917384000000,natalie@white.com
Natasha Lane,"Walker, Calderon and Cole",Director,04-08-2019,30358077,CIN5904470,generated,916523000000,natasha@lane.com
Nathan Mclaughlin,Watkins LLC,Nominee Director,07-12-2020,69081914,CIN6764201,generated,916245000000,nathan@mclaughlin.com
Nathan Potts,Rose-Garcia,Managing Director,28-06-2023,53778897,CIN0149601,generated,919872000000,nathan@potts.com
Nathan Wood,Carter-Montes,Managing Director,29-01-2024,53043486,CIN2796180,generated,917869000000,nathan@wood.com
Nicole Jackson,Yang Group,Managing Director,02-05-2024,64757529,CIN0987834,generated,917354000000,nicole@jackson.com
Norma Houston,Jefferson-Wilson,Nominee Director,24-06-2022,66491606,CIN6528982,generated,916677000000,norma@houston.com
Omar Castillo,Davila Inc,Nominee Director,08-05-2021,47991338,CIN4780092,generated,916719000000,omar@castillo.com
Oscar Doyle,"Moore, Hudson and Lee",Managing Director,15-01-2021,72538820,CIN4337507,generated,918358000000,oscar@doyle.com
Pamela Williams,Carr-Brown,Nominee Director,12-10-2023,86217811,CIN4696297,generated,916936000000,pamela@williams.com
Patricia Baker,Lopez-Ramirez,Nominee Director,25-12-2021,43951082,CIN9756378,generated,917572000000,patricia@baker.com
Patricia Kim,Thompson Group,Managing Director,12-01-2021,6754823,CIN5717333,generated,916574000000,patricia@kim.com
Patricia Mcmahon,Young Ltd,Director,08-11-2019,92132795,CIN1361023,generated,917513000000,patricia@mcmahon.com
Patricia Thomas,"Webb, Perez and Harrison",Nominee Director,03-06-2023,63778129,CIN7846933,generated,918455000000,patricia@thomas.com
Patrick Bryant,Williams-Mason,Managing Director,05-11-2023,6049424,CIN3912839,generated,917008000000,patrick@bryant.com
Patrick Hayden,Hicks-Boone,Managing Director,20-08-2019,60019831,CIN5802477,generated,917604000000,patrick@hayden.com
Peter Gregory,"Perry, Weber and Grant",Managing Director,03-04-2020,89973181,CIN9308245,generated,919397000000,peter@gregory.com
Peter Wallace,"Barnett, Ruiz and Hill",Managing Director,11-01-2021,77299119,CIN9634691,generated,919879000000,peter@wallace.com
Rachel Green,"Barnett, Ruiz and Hill",Managing Director,01-09-2019,58909080,CIN9634691,generated,917209000000,rachel@green.com
Raven Garcia,"Fisher, Baker and Jenkins",Nominee Director,25-07-2019,92731767,CIN2342704,generated,917487000000,raven@garcia.com
Raymond Ball,Davila Inc,Director,11-03-2023,7516207,CIN4780092,generated,918716000000,raymond@ball.com
Rebecca Huffman,Phillips-Mullins,Director,12-12-2021,12272883,CIN2689963,generated,918199000000,rebecca@huffman.com
Rebecca Martin,"Walker, Calderon and Cole",Director,28-07-2021,69959944,CIN5904470,generated,918109000000,rebecca@martin.com
Renee Chandler DDS,Young Ltd,Managing Director,07-10-2019,20675771,CIN1361023,generated,917078000000,renee@dds.com
Renee Henry,Diaz-Osborne,Nominee Director,28-10-2020,73932396,CIN9458747,generated,918318000000,renee@henry.com
Rhonda Orr,Santiago-Lewis,Managing Director,24-11-2020,36890490,CIN8071660,generated,918504000000,rhonda@orr.com
Ricardo Jackson,Hicks-Boone,Managing Director,16-05-2022,94011516,CIN5802477,generated,917099000000,ricardo@jackson.com
Richard Mullins,Watkins LLC,Nominee Director,03-06-2023,3324406,CIN6764201,generated,917886000000,richard@mullins.com
Richard Nelson,Adams Group,Director,24-11-2019,10127156,CIN2728835,generated,918253000000,richard@nelson.com
Richard Phillips,Mack LLC,Managing Director,11-03-2021,80555223,CIN4586704,generated,917899000000,richard@phillips.com
Richard Snyder,Myers-Mills,Director,21-07-2021,87765256,CIN8331981,generated,919442000000,richard@snyder.com
Robert Goodman,Decker LLC,Director,15-01-2024,61953862,CIN5708735,generated,916561000000,robert@goodman.com
Robert Smith,Yang Group,Director,08-10-2020,5409270,CIN0987834,generated,916786000000,robert@smith.com
Robert Wheeler,Wyatt-Brown,Nominee Director,11-06-2023,29465184,CIN8782788,generated,919941000000,robert@wheeler.com
Robert Williams,Decker LLC,Director,28-09-2019,61920423,CIN5708735,generated,916342000000,robert@williams.com
Rachel Anderson,"Maxwell, May and Lamb",Managing Director,12-05-2024,43170220,CIN8877799,generated,919892000000,rachel@anderson.com
Ryan Carr,"Thomas, Leonard and Carter",Nominee Director,25-11-2021,24037038,CIN5805158,generated,918712000000,ryan@carr.com
Ryan Castillo,Wilkins and Sons,Director,24-04-2024,8968889,CIN6429540,generated,919926000000,ryan@castillo.com
Ryan Kelly,"Jones, Berry and Hester",Nominee Director,27-08-2020,48340608,CIN0461161,generated,916394000000,ryan@kelly.com
Ryan Lee,Carr-Brown,Director,04-03-2024,24919180,CIN4696297,generated,919755000000,ryan@lee.com
Ryan Martinez,Roberson PLC,Director,11-05-2024,11500828,CIN7862611,generated,919961000000,ryan@martinez.com
Samantha Beasley,Perez-Wolfe,Nominee Director,25-01-2023,43055212,CIN0073431,generated,917379000000,samantha@beasley.com
Samantha Cervantes,Robinson-Cole,Director,16-07-2023,92816222,CIN4641057,generated,918525000000,samantha@cervantes.com
Samantha Lyons,"Moore, Brown and Jimenez",Managing Director,26-08-2019,4679156,CIN3985334,generated,916768000000,samantha@lyons.com
Samuel Sweeney,"Long, Carroll and Little",Director,15-09-2020,88196258,CIN9475321,generated,919810000000,samuel@sweeney.com
Scott Cook,"Webb, Perez and Harrison",Nominee Director,01-11-2021,69898404,CIN7846933,generated,917584000000,scott@cook.com
Scott Daniels,Hicks-Boone,Nominee Director,15-11-2023,7443353,CIN5802477,generated,918972000000,scott@daniels.com
Scott Mitchell,"Yang, Barrera and Henson",Managing Director,27-05-2023,78834059,CIN3678305,generated,917473000000,scott@mitchell.com
Sean Leblanc,"Sullivan, Tran and Owen",Nominee Director,12-04-2021,32697713,CIN7405456,generated,916689000000,sean@leblanc.com
Shelley Kennedy,Keller-Gross,Managing Director,30-03-2022,2592936,CIN9326357,generated,917687000000,shelley@kennedy.com
Spencer Warner,"Jones, Harris and Williams",Director,21-03-2021,17609995,CIN3050402,generated,919997000000,spencer@warner.com
Stacie Sanchez,Warner-Hernandez,Nominee Director,23-10-2020,9996158,CIN1512443,generated,917766000000,stacie@sanchez.com
Stephanie Williams,Hernandez Group,Managing Director,02-08-2022,62574509,CIN4741268,generated,919855000000,stephanie@williams.com
Steven Ellis DDS,"Tanner, Farrell and Hale",Nominee Director,05-12-2021,19603432,CIN6076415,generated,916794000000,steven@dds.com
Steven Glass,"Jenkins, Ramos and Garrett",Director,08-11-2023,7661111,CIN4211257,generated,917925000000,steven@glass.com
Tamara Olson,"Hooper, Barnett and Torres",Managing Director,12-10-2019,58873478,CIN6461083,generated,919168000000,tamara@olson.com
Tammy Bennett DVM,"Chang, Li and Andrade",Director,17-01-2020,632753,CIN4957365,generated,918377000000,tammy@dvm.com
Taylor Hall,Wilkins and Sons,Director,26-01-2023,56852146,CIN6429540,generated,917763000000,taylor@hall.com
Teresa Banks,"Jones, Harris and Williams",Nominee Director,30-11-2019,77989872,CIN3050402,generated,917873000000,teresa@banks.com
Teresa Novak,Weeks Group,Managing Director,21-12-2023,9041207,CIN5205549,generated,918889000000,teresa@novak.com
Theodore Le,"Barnett, Ruiz and Hill",Nominee Director,13-03-2024,89519015,CIN9634691,generated,918613000000,theodore@le.com
Tiffany Williams,Hernandez Group,Director,24-08-2022,80329146,CIN4741268,generated,919809000000,tiffany@williams.com
Timothy Smith,"Moore, Brown and Jimenez",Managing Director,07-07-2023,26132793,CIN3985334,generated,919989000000,timothy@smith.com
Tony Bauer,Olson-Rivera,Director,27-11-2021,16950530,CIN5402441,generated,917189000000,tony@bauer.com
Tracey Ferrell,"Pena, West and Cross",Managing Director,19-12-2022,65291255,CIN6724629,generated,918427000000,tracey@ferrell.com
Tracy Fisher,Williams-Mason,Nominee Director,29-10-2022,22635062,CIN3912839,generated,916457000000,tracy@fisher.com
Tracy Martin,Keller-Gross,Managing Director,16-08-2020,91855296,CIN9326357,generated,916694000000,tracy@martin.com
Tristan Moon,Brown-Scott,Director,29-07-2021,33500354,CIN1354341,generated,916517000000,tristan@moon.com
Troy Brown,"Fisher, Baker and Jenkins",Director,04-07-2023,41667619,CIN2342704,generated,917156000000,troy@brown.com
Valerie Becker,Robles-Andrade,Director,02-05-2021,95943292,CIN0864797,generated,916804000000,valerie@becker.com
Valerie Townsend,"Jones, Berry and Hester",Director,17-11-2023,13858902,CIN0461161,generated,918320000000,valerie@townsend.com
Victor Williams,Santiago-Lewis,Managing Director,16-12-2022,65771882,CIN8071660,generated,919112000000,victor@williams.com
Victoria Johnson,Maldonado LLC,Managing Director,12-11-2019,89919073,CIN8434856,generated,917486000000,victoria@johnson.com
Vincent Martinez,"Brown, Ayala and Briggs",Managing Director,04-07-2023,19437212,CIN7474879,generated,917605000000,vincent@martinez.com
Wayne Burns,Young Ltd,Nominee Director,26-07-2019,85655133,CIN1361023,generated,918514000000,wayne@burns.com
Wayne Wolfe,Perez-Wolfe,Managing Director,10-06-2020,49080760,CIN0073431,generated,916372000000,wayne@wolfe.com
Wendy Sherman,Perez-Wolfe,Director,27-09-2021,77020064,CIN0073431,generated,917008000000,wendy@sherman.com
Wendy Simpson,"Moore, Brown and Jimenez",Managing Director,11-10-2021,57178787,CIN3985334,generated,917865000000,wendy@simpson.com
William Anthony,"Leonard, Clark and Chavez",Director,25-12-2022,88742246,CIN7198565,generated,918054000000,william@anthony.com
William Gutierrez,Hicks-Boone,Managing Director,23-12-2023,14780343,CIN5802477,generated,917735000000,william@gutierrez.com
William Hansen,Thompson Group,Director,15-04-2023,21896041,CIN5717333,generated,916103000000,william@hansen.com
William Johnson,"Yang, Barrera and Henson",Nominee Director,08-02-2024,81683528,CIN3678305,generated,917933000000,william@johnson.com
Xavier Rodriguez MD,Price Group,Director,13-09-2021,79542280,CIN6731962,generated,916725000000,xavier@md.com
Yolanda Baird,Robinson-Cole,Managing Director,08-01-2022,47993961,CIN4641057,generated,916513000000,yolanda@baird.com
Yolanda Wells,Keller-Gross,Nominee Director,10-07-2022,6185470,CIN9326357,generated,918112000000,yolanda@wells.com
Zachary Cunningham,Myers-Mills,Nominee Director,23-08-2023,75709621,CIN8331981,generated,918676000000,zachary@cunningham.com
